﻿Dealer,Endereços,,,,,,
Top Com (RN),"Av Wilson Rosado,304 Sala 06, Km412, Bairro Aeroporto, Mossoro/RN",,,,,,
Extra Máquinas (MT),"Av Miguel Sutil, 4001- Areão, Cuiba/MT",,,,,,
,"R João Pedro Moreira de Carvalho, 2798 - St Industrial, Sinop/MT",,,,,,
,"Av Itrio Correa da Costa, SN - Cidade Salmen, Rondonopolis/MT",,,,,,
Extra Máquinas (GO),"Av Peru, SN,Qd 03 Lt 01D Barracão C1 - B. Vera Cruz, Aparecida de Goiania/GO",,,,,,
,"Av Goias, 4435, Qd 14 ,Lt 1, Setor Industrial, Jatai/GO",,,,,,
Extra Máquinas (PA),"Rod. Trasamazonica km 02, Galpão 02, Bairro Floresta, Itaituba/PA",,,,,,
,"Br316 KM 21, SN, Campestre, Benevides/PA",,,,,,
,"Rod 230, 09, Nova Marabá, Marabá/PA",,,,,,
Extra Máquinas (SP),"Rod. Anhanguera, 865, Km111, Nova Veneza, Sumare/SP",,,,,,
Campo Forte (ES),"Av Pref Samuel Batista Cruz, 10955, Canivete, Linhares/ES",,,,,,
GRA (RS),"RSC 453, SN, Km0,2 Distrito Industrial, Venâncio Aires/RS",,,,,,
Macromaq (SC),"Rod Br 10, Km210, Picadas do Sul, São Jose/SC",,,,,,
,"Rua Xanxerê, 360, Bairro Lider, Chapecó/SC",,,,,,
Robusta/Semi (SP),"Wilson Sabio de Mello, 2160, Distrito Industrial, Franca/SP",,,,,,
Yamadiesel (PR),"Pista Lateral da Br277, Km113, 540, Campo Largo/PR",,,,,,
,"Pista Lateral da Br277, Km589, 51, Cascavel/PR",,,,,,
Yamadiesel (RJ),"Av Dr Jefferson G. Bruno, 1290, Paraiso II, Resende/RJ",,,,,,
Zucatelli (MA),"Br010, SN, Km1352, Santa Luzia, Imperatriz/MA",,,,,,
,"Eng. Emiliano Macieira, 26, Vila José Sarney, São Luis/MA",,,,,,
Maquiparts (RO),"Av Celso Mazutti, 2615, Bodanese, Vilhena/RO",,,,,,
,"Rua da Beira, E, 5490, Area Florestal, Porto Velho/RO",,,,,,
Maquiparts (AC),"Rod AC40, 5461, Vila Acre, Rio Branco/AC",,,,,,
Cherr (RR),"Trav. dos Macuxis, 1277, Alvorada, Boa Vista/RR",,,,,,
Justi (BA),"Av. Kiichiro Murata, 314, Jd Imperial, Luis Eduardo Magalhães/BA",,,,,,
,"Rua Dr Altino Teixeira, 777, Porto Seco Pirajá, Salvador/BA ",,,,,,
ACM  (PB),"Rua Francisco Marques da Fonseca, 200, Imaculada, Bayeux/PB ",,,,,,
ACM  (PE),"Av Marechal Mascarenhas de Moraes, 6333, Imbiribeira, Recife/PE",,,,,,
RRZ (AM),"Av Torquato Tapajos, 3330, Colonia Santo Antonio, Manaus/AM",,,,,,
Triama Norte (MG),"Via Expressa de Contagem, 4145, Bairro Perobas, Contagem/MG",,,,,,
,"Av Dep. Plinio Ribeiro, 937, Esplanada, Montes Claros/MG",,,,,,
Nordeste (SE),"Av Chanceler Osvaldo Aranha, 3122, Olária, Aracaju/SE",,,,,,
Forza (CE),"Br 116, km17, 9000, Jabuti, Itaitinga/CE",,,,,,
,"Av Padre Cicero, 4001 - loja01, Muriti, Crato/CE",,,,,,
MAAC (MS),"Av Perimetral Norte Wilson Beltramin, 2419, Maracaju/MS",,,,,,
